username,email,firstName,middleName,lastName,prefix,suffix,formattedName,nickname,title,preferredLanguage,locale,timezone,externalId,type,active,primaryPhone,mobilePhone,streetAddress,countryCode,locality,region,postalCode,password
lkelly950,lkelly950@mailinator.com,Jane,B,Doe,Ms.,PhD,"Ms. Jane B Doe, PhD",Janie,Engineer,en,US,America/New_York,ext-0950,employee,True,555-111-2222,555-333-4444,123 Main St,US,New York,NY,10001,2Federate!
joelstewart951,joelstewart951@mailinator.com,Jane,B,Doe,Ms.,PhD,"Ms. Jane B Doe, PhD",Janie,Engineer,en,US,America/New_York,ext-0951,employee,True,555-111-2222,555-333-4444,123 Main St,US,New York,NY,10001,2Federate!
robin05952,robin05952@mailinator.com,Jane,B,Doe,Ms.,PhD,"Ms. Jane B Doe, PhD",Janie,Engineer,en,US,America/New_York,ext-0952,employee,True,555-111-2222,555-333-4444,123 Main St,US,New York,NY,10001,2Federate!
annalopez953,annalopez953@mailinator.com,Jane,B,Doe,Ms.,PhD,"Ms. Jane B Doe, PhD",Janie,Engineer,en,US,America/New_York,ext-0953,employee,True,555-111-2222,555-333-4444,123 Main St,US,New York,NY,10001,2Federate!
lweaver954,lweaver954@mailinator.com,Jane,B,Doe,Ms.,PhD,"Ms. Jane B Doe, PhD",Janie,Engineer,en,US,America/New_York,ext-0954,employee,True,555-111-2222,555-333-4444,123 Main St,US,New York,NY,10001,2Federate!
djohnson955,djohnson955@mailinator.com,Jane,B,Doe,Ms.,PhD,"Ms. Jane B Doe, PhD",Janie,Engineer,en,US,America/New_York,ext-0955,employee,True,555-111-2222,555-333-4444,123 Main St,US,New York,NY,10001,2Federate!
carolynsmith956,carolynsmith956@mailinator.com,Jane,B,Doe,Ms.,PhD,"Ms. Jane B Doe, PhD",Janie,Engineer,en,US,America/New_York,ext-0956,employee,True,555-111-2222,555-333-4444,123 Main St,US,New York,NY,10001,2Federate!
nsmith957,nsmith957@mailinator.com,Jane,B,Doe,Ms.,PhD,"Ms. Jane B Doe, PhD",Janie,Engineer,en,US,America/New_York,ext-0957,employee,True,555-111-2222,555-333-4444,123 Main St,US,New York,NY,10001,2Federate!
lindsaypeterson958,lindsaypeterson958@mailinator.com,Jane,B,Doe,Ms.,PhD,"Ms. Jane B Doe, PhD",Janie,Engineer,en,US,America/New_York,ext-0958,employee,True,555-111-2222,555-333-4444,123 Main St,US,New York,NY,10001,2Federate!
samantharichard959,samantharichard959@mailinator.com,Jane,B,Doe,Ms.,PhD,"Ms. Jane B Doe, PhD",Janie,Engineer,en,US,America/New_York,ext-0959,employee,True,555-111-2222,555-333-4444,123 Main St,US,New York,NY,10001,2Federate!
brian29960,brian29960@mailinator.com,Jane,B,Doe,Ms.,PhD,"Ms. Jane B Doe, PhD",Janie,Engineer,en,US,America/New_York,ext-0960,employee,True,555-111-2222,555-333-4444,123 Main St,US,New York,NY,10001,2Federate!
kimmathis961,kimmathis961@mailinator.com,Jane,B,Doe,Ms.,PhD,"Ms. Jane B Doe, PhD",Janie,Engineer,en,US,America/New_York,ext-0961,employee,True,555-111-2222,555-333-4444,123 Main St,US,New York,NY,10001,2Federate!
susan56962,susan56962@mailinator.com,Jane,B,Doe,Ms.,PhD,"Ms. Jane B Doe, PhD",Janie,Engineer,en,US,America/New_York,ext-0962,employee,True,555-111-2222,555-333-4444,123 Main St,US,New York,NY,10001,2Federate!
rogersmarcus963,rogersmarcus963@mailinator.com,Jane,B,Doe,Ms.,PhD,"Ms. Jane B Doe, PhD",Janie,Engineer,en,US,America/New_York,ext-0963,employee,True,555-111-2222,555-333-4444,123 Main St,US,New York,NY,10001,2Federate!
jessicakim964,jessicakim964@mailinator.com,Jane,B,Doe,Ms.,PhD,"Ms. Jane B Doe, PhD",Janie,Engineer,en,US,America/New_York,ext-0964,employee,True,555-111-2222,555-333-4444,123 Main St,US,New York,NY,10001,2Federate!
lbanks965,lbanks965@mailinator.com,Jane,B,Doe,Ms.,PhD,"Ms. Jane B Doe, PhD",Janie,Engineer,en,US,America/New_York,ext-0965,employee,True,555-111-2222,555-333-4444,123 Main St,US,New York,NY,10001,2Federate!
jeffrey92966,jeffrey92966@mailinator.com,Jane,B,Doe,Ms.,PhD,"Ms. Jane B Doe, PhD",Janie,Engineer,en,US,America/New_York,ext-0966,employee,True,555-111-2222,555-333-4444,123 Main St,US,New York,NY,10001,2Federate!
sparker967,sparker967@mailinator.com,Jane,B,Doe,Ms.,PhD,"Ms. Jane B Doe, PhD",Janie,Engineer,en,US,America/New_York,ext-0967,employee,True,555-111-2222,555-333-4444,123 Main St,US,New York,NY,10001,2Federate!
david09968,david09968@mailinator.com,Jane,B,Doe,Ms.,PhD,"Ms. Jane B Doe, PhD",Janie,Engineer,en,US,America/New_York,ext-0968,employee,True,555-111-2222,555-333-4444,123 Main St,US,New York,NY,10001,2Federate!
xrosales969,xrosales969@mailinator.com,Jane,B,Doe,Ms.,PhD,"Ms. Jane B Doe, PhD",Janie,Engineer,en,US,America/New_York,ext-0969,employee,True,555-111-2222,555-333-4444,123 Main St,US,New York,NY,10001,2Federate!
whitelucas970,whitelucas970@mailinator.com,Jane,B,Doe,Ms.,PhD,"Ms. Jane B Doe, PhD",Janie,Engineer,en,US,America/New_York,ext-0970,employee,True,555-111-2222,555-333-4444,123 Main St,US,New York,NY,10001,2Federate!
daniellegarcia971,daniellegarcia971@mailinator.com,Jane,B,Doe,Ms.,PhD,"Ms. Jane B Doe, PhD",Janie,Engineer,en,US,America/New_York,ext-0971,employee,True,555-111-2222,555-333-4444,123 Main St,US,New York,NY,10001,2Federate!
vtaylor972,vtaylor972@mailinator.com,Jane,B,Doe,Ms.,PhD,"Ms. Jane B Doe, PhD",Janie,Engineer,en,US,America/New_York,ext-0972,employee,True,555-111-2222,555-333-4444,123 Main St,US,New York,NY,10001,2Federate!
youngtoni973,youngtoni973@mailinator.com,Jane,B,Doe,Ms.,PhD,"Ms. Jane B Doe, PhD",Janie,Engineer,en,US,America/New_York,ext-0973,employee,True,555-111-2222,555-333-4444,123 Main St,US,New York,NY,10001,2Federate!
daisymccarty974,daisymccarty974@mailinator.com,Jane,B,Doe,Ms.,PhD,"Ms. Jane B Doe, PhD",Janie,Engineer,en,US,America/New_York,ext-0974,employee,True,555-111-2222,555-333-4444,123 Main St,US,New York,NY,10001,2Federate!
sean43975,sean43975@mailinator.com,Jane,B,Doe,Ms.,PhD,"Ms. Jane B Doe, PhD",Janie,Engineer,en,US,America/New_York,ext-0975,employee,True,555-111-2222,555-333-4444,123 Main St,US,New York,NY,10001,2Federate!
heatherbell976,heatherbell976@mailinator.com,Jane,B,Doe,Ms.,PhD,"Ms. Jane B Doe, PhD",Janie,Engineer,en,US,America/New_York,ext-0976,employee,True,555-111-2222,555-333-4444,123 Main St,US,New York,NY,10001,2Federate!
lebrandon977,lebrandon977@mailinator.com,Jane,B,Doe,Ms.,PhD,"Ms. Jane B Doe, PhD",Janie,Engineer,en,US,America/New_York,ext-0977,employee,True,555-111-2222,555-333-4444,123 Main St,US,New York,NY,10001,2Federate!
koconnor978,koconnor978@mailinator.com,Jane,B,Doe,Ms.,PhD,"Ms. Jane B Doe, PhD",Janie,Engineer,en,US,America/New_York,ext-0978,employee,True,555-111-2222,555-333-4444,123 Main St,US,New York,NY,10001,2Federate!
ysnyder979,ysnyder979@mailinator.com,Jane,B,Doe,Ms.,PhD,"Ms. Jane B Doe, PhD",Janie,Engineer,en,US,America/New_York,ext-0979,employee,True,555-111-2222,555-333-4444,123 Main St,US,New York,NY,10001,2Federate!
amy17980,amy17980@mailinator.com,Jane,B,Doe,Ms.,PhD,"Ms. Jane B Doe, PhD",Janie,Engineer,en,US,America/New_York,ext-0980,employee,True,555-111-2222,555-333-4444,123 Main St,US,New York,NY,10001,2Federate!
franciscojones981,franciscojones981@mailinator.com,Jane,B,Doe,Ms.,PhD,"Ms. Jane B Doe, PhD",Janie,Engineer,en,US,America/New_York,ext-0981,employee,True,555-111-2222,555-333-4444,123 Main St,US,New York,NY,10001,2Federate!
phillipslucas982,phillipslucas982@mailinator.com,Jane,B,Doe,Ms.,PhD,"Ms. Jane B Doe, PhD",Janie,Engineer,en,US,America/New_York,ext-0982,employee,True,555-111-2222,555-333-4444,123 Main St,US,New York,NY,10001,2Federate!
jonesgeorge983,jonesgeorge983@mailinator.com,Jane,B,Doe,Ms.,PhD,"Ms. Jane B Doe, PhD",Janie,Engineer,en,US,America/New_York,ext-0983,employee,True,555-111-2222,555-333-4444,123 Main St,US,New York,NY,10001,2Federate!
emartin984,emartin984@mailinator.com,Jane,B,Doe,Ms.,PhD,"Ms. Jane B Doe, PhD",Janie,Engineer,en,US,America/New_York,ext-0984,employee,True,555-111-2222,555-333-4444,123 Main St,US,New York,NY,10001,2Federate!
morgantricia985,morgantricia985@mailinator.com,Jane,B,Doe,Ms.,PhD,"Ms. Jane B Doe, PhD",Janie,Engineer,en,US,America/New_York,ext-0985,employee,True,555-111-2222,555-333-4444,123 Main St,US,New York,NY,10001,2Federate!
bbush986,bbush986@mailinator.com,Jane,B,Doe,Ms.,PhD,"Ms. Jane B Doe, PhD",Janie,Engineer,en,US,America/New_York,ext-0986,employee,True,555-111-2222,555-333-4444,123 Main St,US,New York,NY,10001,2Federate!
catherinehamilton987,catherinehamilton987@mailinator.com,Jane,B,Doe,Ms.,PhD,"Ms. Jane B Doe, PhD",Janie,Engineer,en,US,America/New_York,ext-0987,employee,True,555-111-2222,555-333-4444,123 Main St,US,New York,NY,10001,2Federate!
garciajamie988,garciajamie988@mailinator.com,Jane,B,Doe,Ms.,PhD,"Ms. Jane B Doe, PhD",Janie,Engineer,en,US,America/New_York,ext-0988,employee,True,555-111-2222,555-333-4444,123 Main St,US,New York,NY,10001,2Federate!
robertspencer989,robertspencer989@mailinator.com,Jane,B,Doe,Ms.,PhD,"Ms. Jane B Doe, PhD",Janie,Engineer,en,US,America/New_York,ext-0989,employee,True,555-111-2222,555-333-4444,123 Main St,US,New York,NY,10001,2Federate!
donna43990,donna43990@mailinator.com,Jane,B,Doe,Ms.,PhD,"Ms. Jane B Doe, PhD",Janie,Engineer,en,US,America/New_York,ext-0990,employee,True,555-111-2222,555-333-4444,123 Main St,US,New York,NY,10001,2Federate!
williamsashley991,williamsashley991@mailinator.com,Jane,B,Doe,Ms.,PhD,"Ms. Jane B Doe, PhD",Janie,Engineer,en,US,America/New_York,ext-0991,employee,True,555-111-2222,555-333-4444,123 Main St,US,New York,NY,10001,2Federate!
xhernandez992,xhernandez992@mailinator.com,Jane,B,Doe,Ms.,PhD,"Ms. Jane B Doe, PhD",Janie,Engineer,en,US,America/New_York,ext-0992,employee,True,555-111-2222,555-333-4444,123 Main St,US,New York,NY,10001,2Federate!
pattersonkelly993,pattersonkelly993@mailinator.com,Jane,B,Doe,Ms.,PhD,"Ms. Jane B Doe, PhD",Janie,Engineer,en,US,America/New_York,ext-0993,employee,True,555-111-2222,555-333-4444,123 Main St,US,New York,NY,10001,2Federate!
bgonzalez994,bgonzalez994@mailinator.com,Jane,B,Doe,Ms.,PhD,"Ms. Jane B Doe, PhD",Janie,Engineer,en,US,America/New_York,ext-0994,employee,True,555-111-2222,555-333-4444,123 Main St,US,New York,NY,10001,2Federate!
georgecarter995,georgecarter995@mailinator.com,Jane,B,Doe,Ms.,PhD,"Ms. Jane B Doe, PhD",Janie,Engineer,en,US,America/New_York,ext-0995,employee,True,555-111-2222,555-333-4444,123 Main St,US,New York,NY,10001,2Federate!
wellsdarrell996,wellsdarrell996@mailinator.com,Jane,B,Doe,Ms.,PhD,"Ms. Jane B Doe, PhD",Janie,Engineer,en,US,America/New_York,ext-0996,employee,True,555-111-2222,555-333-4444,123 Main St,US,New York,NY,10001,2Federate!
qruiz997,qruiz997@mailinator.com,Jane,B,Doe,Ms.,PhD,"Ms. Jane B Doe, PhD",Janie,Engineer,en,US,America/New_York,ext-0997,employee,True,555-111-2222,555-333-4444,123 Main St,US,New York,NY,10001,2Federate!
christopher86998,christopher86998@mailinator.com,Jane,B,Doe,Ms.,PhD,"Ms. Jane B Doe, PhD",Janie,Engineer,en,US,America/New_York,ext-0998,employee,True,555-111-2222,555-333-4444,123 Main St,US,New York,NY,10001,2Federate!
nathanjames999,nathanjames999@mailinator.com,Jane,B,Doe,Ms.,PhD,"Ms. Jane B Doe, PhD",Janie,Engineer,en,US,America/New_York,ext-0999,employee,True,555-111-2222,555-333-4444,123 Main St,US,New York,NY,10001,2Federate!
