username,email,firstName,lastName,phone,populationId
thomas.walker79,thomas.walker79@example.com,Thomas,Walker,(376)914-4858x0997,48af9c64-24fd-4eea-a8eb-16b7e4744fc8
nancy.hill85,nancy.hill85@example.com,Nancy,Hill,+1-561-802-6066x617,48af9c64-24fd-4eea-a8eb-16b7e4744fc8
cassandra.martin34,cassandra.martin34@example.com,Cassandra,Martin,762-948-1552x57803,48af9c64-24fd-4eea-a8eb-16b7e4744fc8
natalie.scott61,natalie.scott61@example.com,Natalie,Scott,001-954-604-8606x4635,48af9c64-24fd-4eea-a8eb-16b7e4744fc8
dennis.rodriguez9,dennis.rodriguez9@example.com,Dennis,Rodriguez,(206)967-1168x822,48af9c64-24fd-4eea-a8eb-16b7e4744fc8
eric.martin12,eric.martin12@example.com,Eric,Martin,8275945164,48af9c64-24fd-4eea-a8eb-16b7e4744fc8
rachel.peterson87,rachel.peterson87@example.com,Rachel,Peterson,582.684.3656x78466,48af9c64-24fd-4eea-a8eb-16b7e4744fc8
lisa.vega97,lisa.vega97@example.com,Lisa,Vega,(209)981-3998,48af9c64-24fd-4eea-a8eb-16b7e4744fc8
daniel.barker17,daniel.barker17@example.com,Daniel,Barker,+1-261-001-5751x759,48af9c64-24fd-4eea-a8eb-16b7e4744fc8
heather.estrada20,heather.estrada20@example.com,Heather,Estrada,001-328-818-2028x69376,48af9c64-24fd-4eea-a8eb-16b7e4744fc8
