username,email,first name,last name,phone,population
megan.chang50,megan.chang50@example.com,Megan,Chang,(048)764-7593x82421,48af9c64-24fd-4eea-a8eb-16b7e4744fc8
christine.king98,christine.king98@example.com,Christine,King,+1-924-115-7815,48af9c64-24fd-4eea-a8eb-16b7e4744fc8
ryan.carr54,ryan.carr54@example.com,Ryan,Carr,877.840.8016,48af9c64-24fd-4eea-a8eb-16b7e4744fc8
jennifer.glover6,jennifer.glover6@example.com,Jennifer,Glover,+1-097-535-1393x3287,48af9c64-24fd-4eea-a8eb-16b7e4744fc8
christopher.kaiser34,christopher.kaiser34@example.com,Christopher,Kaiser,714.841.8583x98947,48af9c64-24fd-4eea-a8eb-16b7e4744fc8
christopher.yates66,christopher.yates66@example.com,Christopher,Yates,934-232-0947x11220,48af9c64-24fd-4eea-a8eb-16b7e4744fc8
megan.villanueva63,megan.villanueva63@example.com,Megan,Villanueva,+1-684-833-9694,48af9c64-24fd-4eea-a8eb-16b7e4744fc8
shannon.keller52,shannon.keller52@example.com,Shannon,Keller,001-515-917-9533x041,48af9c64-24fd-4eea-a8eb-16b7e4744fc8
janice.watson39,janice.watson39@example.com,Janice,Watson,(560)123-0989,48af9c64-24fd-4eea-a8eb-16b7e4744fc8
erin.johnson62,erin.johnson62@example.com,Erin,Johnson,+1-399-161-5109x0321,48af9c64-24fd-4eea-a8eb-16b7e4744fc8
timothy.acosta46,timothy.acosta46@example.com,Timothy,Acosta,0869141314,48af9c64-24fd-4eea-a8eb-16b7e4744fc8
michael.white75,michael.white75@example.com,Michael,White,709.163.4579x23022,48af9c64-24fd-4eea-a8eb-16b7e4744fc8
matthew.king28,matthew.king28@example.com,Matthew,King,+1-720-769-8456x428,48af9c64-24fd-4eea-a8eb-16b7e4744fc8
hannah.ellis65,hannah.ellis65@example.com,Hannah,Ellis,508-423-7594,48af9c64-24fd-4eea-a8eb-16b7e4744fc8
emily.garza18,emily.garza18@example.com,Emily,Garza,+1-924-661-0935x2337,48af9c64-24fd-4eea-a8eb-16b7e4744fc8
nicholas.hutchinson37,nicholas.hutchinson37@example.com,Nicholas,Hutchinson,001-606-960-2714,48af9c64-24fd-4eea-a8eb-16b7e4744fc8
jacqueline.griffin18,jacqueline.griffin18@example.com,Jacqueline,Griffin,890.075.4706x3812,48af9c64-24fd-4eea-a8eb-16b7e4744fc8
valerie.morales97,valerie.morales97@example.com,Valerie,Morales,+1-650-300-8913x19344,48af9c64-24fd-4eea-a8eb-16b7e4744fc8
haley.white13,haley.white13@example.com,Haley,White,610.471.4285x1240,48af9c64-24fd-4eea-a8eb-16b7e4744fc8
bobby.harris80,bobby.harris80@example.com,Bobby,Harris,855-909-7765x823,48af9c64-24fd-4eea-a8eb-16b7e4744fc8
nicholas.carter33,nicholas.carter33@example.com,Nicholas,Carter,(245)551-5900,48af9c64-24fd-4eea-a8eb-16b7e4744fc8
joseph.hernandez69,joseph.hernandez69@example.com,Joseph,Hernandez,001-456-824-1730,48af9c64-24fd-4eea-a8eb-16b7e4744fc8
kyle.vincent91,kyle.vincent91@example.com,Kyle,Vincent,001-146-546-1187x7551,48af9c64-24fd-4eea-a8eb-16b7e4744fc8
timothy.lyons78,timothy.lyons78@example.com,Timothy,Lyons,(045)229-6111x33060,48af9c64-24fd-4eea-a8eb-16b7e4744fc8
corey.hawkins19,corey.hawkins19@example.com,Corey,Hawkins,779-361-5349x2635,48af9c64-24fd-4eea-a8eb-16b7e4744fc8
danny.short40,danny.short40@example.com,Danny,Short,001-087-317-6430x392,48af9c64-24fd-4eea-a8eb-16b7e4744fc8
daniel.ellis13,daniel.ellis13@example.com,Daniel,Ellis,(821)972-9668x757,48af9c64-24fd-4eea-a8eb-16b7e4744fc8
whitney.reid94,whitney.reid94@example.com,Whitney,Reid,893.055.5082,48af9c64-24fd-4eea-a8eb-16b7e4744fc8
nancy.morrison10,nancy.morrison10@example.com,Nancy,Morrison,(694)711-8013,48af9c64-24fd-4eea-a8eb-16b7e4744fc8
david.turner88,david.turner88@example.com,David,Turner,001-752-275-8688x09189,48af9c64-24fd-4eea-a8eb-16b7e4744fc8
vicki.burgess43,vicki.burgess43@example.com,Vicki,Burgess,001-348-967-6993x00248,48af9c64-24fd-4eea-a8eb-16b7e4744fc8
ashley.cook61,ashley.cook61@example.com,Ashley,Cook,446.660.2234x5007,48af9c64-24fd-4eea-a8eb-16b7e4744fc8
robert.vasquez72,robert.vasquez72@example.com,Robert,Vasquez,+1-125-609-7670x172,48af9c64-24fd-4eea-a8eb-16b7e4744fc8
andrew.george13,andrew.george13@example.com,Andrew,George,(518)536-7109,48af9c64-24fd-4eea-a8eb-16b7e4744fc8
jaclyn.mendez46,jaclyn.mendez46@example.com,Jaclyn,Mendez,194-264-1830x67537,48af9c64-24fd-4eea-a8eb-16b7e4744fc8
michael.chen56,michael.chen56@example.com,Michael,Chen,0740899331,48af9c64-24fd-4eea-a8eb-16b7e4744fc8
kimberly.wilkerson41,kimberly.wilkerson41@example.com,Kimberly,Wilkerson,+1-886-841-2696x1161,48af9c64-24fd-4eea-a8eb-16b7e4744fc8
cory.ayala79,cory.ayala79@example.com,Cory,Ayala,001-076-607-5415x1150,48af9c64-24fd-4eea-a8eb-16b7e4744fc8
michael.thompson82,michael.thompson82@example.com,Michael,Thompson,519.230.3104,48af9c64-24fd-4eea-a8eb-16b7e4744fc8
mike.johnson27,mike.johnson27@example.com,Mike,Johnson,+1-322-717-5420x355,48af9c64-24fd-4eea-a8eb-16b7e4744fc8
thomas.carter71,thomas.carter71@example.com,Thomas,Carter,+1-529-118-9426,48af9c64-24fd-4eea-a8eb-16b7e4744fc8
rachael.bautista62,rachael.bautista62@example.com,Rachael,Bautista,583.324.5602,48af9c64-24fd-4eea-a8eb-16b7e4744fc8
carolyn.long57,carolyn.long57@example.com,Carolyn,Long,001-126-486-2964x513,48af9c64-24fd-4eea-a8eb-16b7e4744fc8
sean.wood67,sean.wood67@example.com,Sean,Wood,066.065.7354x71214,48af9c64-24fd-4eea-a8eb-16b7e4744fc8
daniel.jacobs34,daniel.jacobs34@example.com,Daniel,Jacobs,(762)662-3758,48af9c64-24fd-4eea-a8eb-16b7e4744fc8
douglas.ford8,douglas.ford8@example.com,Douglas,Ford,+1-173-407-9703x4148,48af9c64-24fd-4eea-a8eb-16b7e4744fc8
chelsea.coleman71,chelsea.coleman71@example.com,Chelsea,Coleman,001-717-386-4014x00468,48af9c64-24fd-4eea-a8eb-16b7e4744fc8
pamela.mckinney2,pamela.mckinney2@example.com,Pamela,Mckinney,145.439.1014x485,48af9c64-24fd-4eea-a8eb-16b7e4744fc8
david.villarreal12,david.villarreal12@example.com,David,Villarreal,001-216-448-2983x81686,48af9c64-24fd-4eea-a8eb-16b7e4744fc8
judith.strong93,judith.strong93@example.com,Judith,Strong,475-922-1166x972,48af9c64-24fd-4eea-a8eb-16b7e4744fc8
anita.evans52,anita.evans52@example.com,Anita,Evans,+1-763-778-5707x4270,48af9c64-24fd-4eea-a8eb-16b7e4744fc8
paige.lewis91,paige.lewis91@example.com,Paige,Lewis,(760)811-6050x190,48af9c64-24fd-4eea-a8eb-16b7e4744fc8
yvonne.marks86,yvonne.marks86@example.com,Yvonne,Marks,001-432-943-1675x625,48af9c64-24fd-4eea-a8eb-16b7e4744fc8
robert.prince81,robert.prince81@example.com,Robert,Prince,(272)852-3275x66763,48af9c64-24fd-4eea-a8eb-16b7e4744fc8
laura.gonzales1,laura.gonzales1@example.com,Laura,Gonzales,906.031.2502,48af9c64-24fd-4eea-a8eb-16b7e4744fc8
jesse.evans79,jesse.evans79@example.com,Jesse,Evans,845-670-8869,48af9c64-24fd-4eea-a8eb-16b7e4744fc8
shawn.scott64,shawn.scott64@example.com,Shawn,Scott,354.000.2504x0216,48af9c64-24fd-4eea-a8eb-16b7e4744fc8
erin.arellano43,erin.arellano43@example.com,Erin,Arellano,(837)359-1915x5875,48af9c64-24fd-4eea-a8eb-16b7e4744fc8
jonathan.boyd32,jonathan.boyd32@example.com,Jonathan,Boyd,513.853.3444,48af9c64-24fd-4eea-a8eb-16b7e4744fc8
zachary.cruz94,zachary.cruz94@example.com,Zachary,Cruz,530.481.0777x0677,48af9c64-24fd-4eea-a8eb-16b7e4744fc8
scott.miller42,scott.miller42@example.com,Scott,Miller,126.379.1686,48af9c64-24fd-4eea-a8eb-16b7e4744fc8
benjamin.white91,benjamin.white91@example.com,Benjamin,White,324.556.1849x8347,48af9c64-24fd-4eea-a8eb-16b7e4744fc8
willie.murray9,willie.murray9@example.com,Willie,Murray,+1-443-019-1263x3408,48af9c64-24fd-4eea-a8eb-16b7e4744fc8
zachary.trevino25,zachary.trevino25@example.com,Zachary,Trevino,641-953-8433,48af9c64-24fd-4eea-a8eb-16b7e4744fc8
calvin.parker73,calvin.parker73@example.com,Calvin,Parker,357-492-2088x55902,48af9c64-24fd-4eea-a8eb-16b7e4744fc8
natalie.moore29,natalie.moore29@example.com,Natalie,Moore,(812)379-3323,48af9c64-24fd-4eea-a8eb-16b7e4744fc8
kathleen.gomez31,kathleen.gomez31@example.com,Kathleen,Gomez,001-271-908-9577,48af9c64-24fd-4eea-a8eb-16b7e4744fc8
kyle.benjamin19,kyle.benjamin19@example.com,Kyle,Benjamin,+1-277-851-4296,48af9c64-24fd-4eea-a8eb-16b7e4744fc8
jade.underwood70,jade.underwood70@example.com,Jade,Underwood,603-053-5734x5240,48af9c64-24fd-4eea-a8eb-16b7e4744fc8
michael.ryan58,michael.ryan58@example.com,Michael,Ryan,001-250-700-3003x5105,48af9c64-24fd-4eea-a8eb-16b7e4744fc8
teresa.henderson12,teresa.henderson12@example.com,Teresa,Henderson,762.542.5660,48af9c64-24fd-4eea-a8eb-16b7e4744fc8
robert.baker11,robert.baker11@example.com,Robert,Baker,+1-709-166-2082,48af9c64-24fd-4eea-a8eb-16b7e4744fc8
christy.stanley41,christy.stanley41@example.com,Christy,Stanley,001-215-323-0282x1691,48af9c64-24fd-4eea-a8eb-16b7e4744fc8
christine.ellis66,christine.ellis66@example.com,Christine,Ellis,(990)456-0071,48af9c64-24fd-4eea-a8eb-16b7e4744fc8
michael.powers63,michael.powers63@example.com,Michael,Powers,385.265.4760x484,48af9c64-24fd-4eea-a8eb-16b7e4744fc8
andrea.madden14,andrea.madden14@example.com,Andrea,Madden,001-898-407-6165x70040,48af9c64-24fd-4eea-a8eb-16b7e4744fc8
jonathan.becker39,jonathan.becker39@example.com,Jonathan,Becker,001-438-856-4319x539,48af9c64-24fd-4eea-a8eb-16b7e4744fc8
emily.patel71,emily.patel71@example.com,Emily,Patel,(225)090-9255x445,48af9c64-24fd-4eea-a8eb-16b7e4744fc8
troy.powell38,troy.powell38@example.com,Troy,Powell,(202)907-2507x49318,48af9c64-24fd-4eea-a8eb-16b7e4744fc8
sharon.ramirez91,sharon.ramirez91@example.com,Sharon,Ramirez,(821)291-8896,48af9c64-24fd-4eea-a8eb-16b7e4744fc8
karen.baker16,karen.baker16@example.com,Karen,Baker,064-488-8553x6208,48af9c64-24fd-4eea-a8eb-16b7e4744fc8
eric.guerrero71,eric.guerrero71@example.com,Eric,Guerrero,001-657-086-9305,48af9c64-24fd-4eea-a8eb-16b7e4744fc8
allison.pugh43,allison.pugh43@example.com,Allison,Pugh,+1-357-039-3426x19737,48af9c64-24fd-4eea-a8eb-16b7e4744fc8
michelle.jacobson70,michelle.jacobson70@example.com,Michelle,Jacobson,001-132-716-6446x595,48af9c64-24fd-4eea-a8eb-16b7e4744fc8
christopher.johnson27,christopher.johnson27@example.com,Christopher,Johnson,4366660975,48af9c64-24fd-4eea-a8eb-16b7e4744fc8
maria.martinez78,maria.martinez78@example.com,Maria,Martinez,001-450-678-2019x550,48af9c64-24fd-4eea-a8eb-16b7e4744fc8
chad.love71,chad.love71@example.com,Chad,Love,+1-870-505-6246x29264,48af9c64-24fd-4eea-a8eb-16b7e4744fc8
william.martin76,william.martin76@example.com,William,Martin,(708)086-2591,48af9c64-24fd-4eea-a8eb-16b7e4744fc8
christopher.thompson37,christopher.thompson37@example.com,Christopher,Thompson,345-448-7278x209,48af9c64-24fd-4eea-a8eb-16b7e4744fc8
gregory.hunt57,gregory.hunt57@example.com,Gregory,Hunt,001-513-793-7825x27808,48af9c64-24fd-4eea-a8eb-16b7e4744fc8
christopher.holmes12,christopher.holmes12@example.com,Christopher,Holmes,1169597568,48af9c64-24fd-4eea-a8eb-16b7e4744fc8
michael.skinner77,michael.skinner77@example.com,Michael,Skinner,+1-125-022-0593x0604,48af9c64-24fd-4eea-a8eb-16b7e4744fc8
laura.buck50,laura.buck50@example.com,Laura,Buck,+1-251-607-5994x497,48af9c64-24fd-4eea-a8eb-16b7e4744fc8
robert.johnson41,robert.johnson41@example.com,Robert,Johnson,361-511-0502x690,48af9c64-24fd-4eea-a8eb-16b7e4744fc8
marcus.gibbs74,marcus.gibbs74@example.com,Marcus,Gibbs,001-771-086-4081x1551,48af9c64-24fd-4eea-a8eb-16b7e4744fc8
thomas.johnson31,thomas.johnson31@example.com,Thomas,Johnson,400.652.8222x23950,48af9c64-24fd-4eea-a8eb-16b7e4744fc8
timothy.barron38,timothy.barron38@example.com,Timothy,Barron,+1-603-345-2353x26759,48af9c64-24fd-4eea-a8eb-16b7e4744fc8
devin.cunningham24,devin.cunningham24@example.com,Devin,Cunningham,2906220058,48af9c64-24fd-4eea-a8eb-16b7e4744fc8
adam.williams25,adam.williams25@example.com,Adam,Williams,992-260-6695,48af9c64-24fd-4eea-a8eb-16b7e4744fc8
jennifer.nielsen24,jennifer.nielsen24@example.com,Jennifer,Nielsen,(838)612-6951x663,48af9c64-24fd-4eea-a8eb-16b7e4744fc8
