username,email,populationId,firstName,middleName,lastName,prefix,suffix,formattedName,nickname,title,preferredLanguage,locale,timezone,externalId,type,active,primaryPhone,mobilePhone,streetAddress,countryCode,locality,region,postalCode,password
johnsonjoshua0,johnsonjoshua0@mailinator.com,1dd684e3-82ee-4e68-9d25-00401bc62e7a,Jane,B,Doe,Ms.,PhD,"Ms. Jane B Doe, PhD",Janie,Engineer,en,US,America/New_York,ext-0000,employee,True,555-111-2222,555-333-4444,123 Main St,US,New York,NY,10001,2Federate!
donaldgarcia1,donaldgarcia1@mailinator.com,1dd684e3-82ee-4e68-9d25-00401bc62e7a,Jane,B,Doe,Ms.,PhD,"Ms. Jane B Doe, PhD",Janie,Engineer,en,US,America/New_York,ext-0001,employee,True,555-111-2222,555-333-4444,123 Main St,US,New York,NY,10001,2Federate!
garzaanthony2,garzaanthony2@mailinator.com,1dd684e3-82ee-4e68-9d25-00401bc62e7a,Jane,B,Doe,Ms.,PhD,"Ms. Jane B Doe, PhD",Janie,Engineer,en,US,America/New_York,ext-0002,employee,True,555-111-2222,555-333-4444,123 Main St,US,New York,NY,10001,2Federate!
robinsonwilliam3,robinsonwilliam3@mailinator.com,1dd684e3-82ee-4e68-9d25-00401bc62e7a,Jane,B,Doe,Ms.,PhD,"Ms. Jane B Doe, PhD",Janie,Engineer,en,US,America/New_York,ext-0003,employee,True,555-111-2222,555-333-4444,123 Main St,US,New York,NY,10001,2Federate!
hoffmanjennifer4,hoffmanjennifer4@mailinator.com,1dd684e3-82ee-4e68-9d25-00401bc62e7a,Jane,B,Doe,Ms.,PhD,"Ms. Jane B Doe, PhD",Janie,Engineer,en,US,America/New_York,ext-0004,employee,True,555-111-2222,555-333-4444,123 Main St,US,New York,NY,10001,2Federate!
lrobinson5,lrobinson5@mailinator.com,1dd684e3-82ee-4e68-9d25-00401bc62e7a,Jane,B,Doe,Ms.,PhD,"Ms. Jane B Doe, PhD",Janie,Engineer,en,US,America/New_York,ext-0005,employee,True,555-111-2222,555-333-4444,123 Main St,US,New York,NY,10001,2Federate!
lisa026,lisa026@mailinator.com,1dd684e3-82ee-4e68-9d25-00401bc62e7a,Jane,B,Doe,Ms.,PhD,"Ms. Jane B Doe, PhD",Janie,Engineer,en,US,America/New_York,ext-0006,employee,True,555-111-2222,555-333-4444,123 Main St,US,New York,NY,10001,2Federate!
jpeterson7,jpeterson7@mailinator.com,1dd684e3-82ee-4e68-9d25-00401bc62e7a,Jane,B,Doe,Ms.,PhD,"Ms. Jane B Doe, PhD",Janie,Engineer,en,US,America/New_York,ext-0007,employee,True,555-111-2222,555-333-4444,123 Main St,US,New York,NY,10001,2Federate!
susanrogers8,susanrogers8@mailinator.com,1dd684e3-82ee-4e68-9d25-00401bc62e7a,Jane,B,Doe,Ms.,PhD,"Ms. Jane B Doe, PhD",Janie,Engineer,en,US,America/New_York,ext-0008,employee,True,555-111-2222,555-333-4444,123 Main St,US,New York,NY,10001,2Federate!
jamesmichael9,jamesmichael9@mailinator.com,1dd684e3-82ee-4e68-9d25-00401bc62e7a,Jane,B,Doe,Ms.,PhD,"Ms. Jane B Doe, PhD",Janie,Engineer,en,US,America/New_York,ext-0009,employee,True,555-111-2222,555-333-4444,123 Main St,US,New York,NY,10001,2Federate!
cassandra0710,cassandra0710@mailinator.com,1dd684e3-82ee-4e68-9d25-00401bc62e7a,Jane,B,Doe,Ms.,PhD,"Ms. Jane B Doe, PhD",Janie,Engineer,en,US,America/New_York,ext-0010,employee,True,555-111-2222,555-333-4444,123 Main St,US,New York,NY,10001,2Federate!
dudleynicholas11,dudleynicholas11@mailinator.com,1dd684e3-82ee-4e68-9d25-00401bc62e7a,Jane,B,Doe,Ms.,PhD,"Ms. Jane B Doe, PhD",Janie,Engineer,en,US,America/New_York,ext-0011,employee,True,555-111-2222,555-333-4444,123 Main St,US,New York,NY,10001,2Federate!
maria9512,maria9512@mailinator.com,1dd684e3-82ee-4e68-9d25-00401bc62e7a,Jane,B,Doe,Ms.,PhD,"Ms. Jane B Doe, PhD",Janie,Engineer,en,US,America/New_York,ext-0012,employee,True,555-111-2222,555-333-4444,123 Main St,US,New York,NY,10001,2Federate!
janetwilliams13,janetwilliams13@mailinator.com,1dd684e3-82ee-4e68-9d25-00401bc62e7a,Jane,B,Doe,Ms.,PhD,"Ms. Jane B Doe, PhD",Janie,Engineer,en,US,America/New_York,ext-0013,employee,True,555-111-2222,555-333-4444,123 Main St,US,New York,NY,10001,2Federate!
kendragalloway14,kendragalloway14@mailinator.com,1dd684e3-82ee-4e68-9d25-00401bc62e7a,Jane,B,Doe,Ms.,PhD,"Ms. Jane B Doe, PhD",Janie,Engineer,en,US,America/New_York,ext-0014,employee,True,555-111-2222,555-333-4444,123 Main St,US,New York,NY,10001,2Federate!
michellejames15,michellejames15@mailinator.com,1dd684e3-82ee-4e68-9d25-00401bc62e7a,Jane,B,Doe,Ms.,PhD,"Ms. Jane B Doe, PhD",Janie,Engineer,en,US,America/New_York,ext-0015,employee,True,555-111-2222,555-333-4444,123 Main St,US,New York,NY,10001,2Federate!
xreid16,xreid16@mailinator.com,1dd684e3-82ee-4e68-9d25-00401bc62e7a,Jane,B,Doe,Ms.,PhD,"Ms. Jane B Doe, PhD",Janie,Engineer,en,US,America/New_York,ext-0016,employee,True,555-111-2222,555-333-4444,123 Main St,US,New York,NY,10001,2Federate!
mitchellclark17,mitchellclark17@mailinator.com,1dd684e3-82ee-4e68-9d25-00401bc62e7a,Jane,B,Doe,Ms.,PhD,"Ms. Jane B Doe, PhD",Janie,Engineer,en,US,America/New_York,ext-0017,employee,True,555-111-2222,555-333-4444,123 Main St,US,New York,NY,10001,2Federate!
jacqueline1918,jacqueline1918@mailinator.com,1dd684e3-82ee-4e68-9d25-00401bc62e7a,Jane,B,Doe,Ms.,PhD,"Ms. Jane B Doe, PhD",Janie,Engineer,en,US,America/New_York,ext-0018,employee,True,555-111-2222,555-333-4444,123 Main St,US,New York,NY,10001,2Federate!
amandasanchez19,amandasanchez19@mailinator.com,1dd684e3-82ee-4e68-9d25-00401bc62e7a,Jane,B,Doe,Ms.,PhD,"Ms. Jane B Doe, PhD",Janie,Engineer,en,US,America/New_York,ext-0019,employee,True,555-111-2222,555-333-4444,123 Main St,US,New York,NY,10001,2Federate!
