id,environmentId,accountId,createdAt,email,enabled,identityProviderType,identityProviderName,lifecycleStatus,mfaEnabled,givenName,familyName,populationId,populationName,updatedAt,username,verifyStatus
7838ee13-83f2-44ec-8838-88e9a68ebada,b9817c16-9910-4415-b67e-4ac687da74d9,,2025-07-07T18:43:29.816Z,amydavenport97@mailinator.com,true,PING_ONE,,ACCOUNT_OK,true,Jane,Doe,3840c98d-202d-4f6a-8871-f3bc66cb3fa8,,2025-07-07T18:43:29.816Z,amydavenport97,NOT_INITIATED
742efc6a-ce3a-4b56-a3d1-4af3fe04c6d5,b9817c16-9910-4415-b67e-4ac687da74d9,,2025-07-07T18:43:29.817Z,russellwilliams98@mailinator.com,true,PING_ONE,,ACCOUNT_OK,true,Jane,Doe,3840c98d-202d-4f6a-8871-f3bc66cb3fa8,,2025-07-07T18:43:29.817Z,russellwilliams98,NOT_INITIATED
0abaf6fa-41bb-42d0-bad2-c2dccdefadc2,b9817c16-9910-4415-b67e-4ac687da74d9,,2025-07-07T18:43:29.841Z,rachel0599@mailinator.com,true,PING_ONE,,ACCOUNT_OK,true,Jane,Doe,3840c98d-202d-4f6a-8871-f3bc66cb3fa8,,2025-07-07T18:43:29.841Z,rachel0599,NOT_INITIATED
9a028da3-af9e-47f3-b003-f712b638d7de,b9817c16-9910-4415-b67e-4ac687da74d9,,2025-07-07T18:43:31.846Z,hhoffman95@mailinator.com,true,PING_ONE,,ACCOUNT_OK,true,Jane,Doe,3840c98d-202d-4f6a-8871-f3bc66cb3fa8,,2025-07-07T18:43:31.846Z,hhoffman95,NOT_INITIATED
eea5ea31-46c5-4950-abca-dd3a1efa3d02,b9817c16-9910-4415-b67e-4ac687da74d9,,2025-07-07T18:43:32.069Z,evelynestrada100@mailinator.com,true,PING_ONE,,ACCOUNT_OK,true,Jane,Doe,3840c98d-202d-4f6a-8871-f3bc66cb3fa8,,2025-07-07T18:43:32.069Z,evelynestrada100,NOT_INITIATED
acfded5c-5a31-4f23-b45d-6a0c62f878a2,b9817c16-9910-4415-b67e-4ac687da74d9,,2025-07-07T18:43:32.081Z,kimberly69101@mailinator.com,true,PING_ONE,,ACCOUNT_OK,true,Jane,Doe,3840c98d-202d-4f6a-8871-f3bc66cb3fa8,,2025-07-07T18:43:32.081Z,kimberly69101,NOT_INITIATED
f4035e8d-73ed-4bbb-840a-99b8741912d2,b9817c16-9910-4415-b67e-4ac687da74d9,,2025-07-07T18:43:32.086Z,sarayoung102@mailinator.com,true,PING_ONE,,ACCOUNT_OK,true,Jane,Doe,3840c98d-202d-4f6a-8871-f3bc66cb3fa8,,2025-07-07T18:43:32.086Z,sarayoung102,NOT_INITIATED
e6236d9d-948b-46a6-8f77-36f8024afdf0,b9817c16-9910-4415-b67e-4ac687da74d9,,2025-07-07T18:43:32.096Z,theresacochran103@mailinator.com,true,PING_ONE,,ACCOUNT_OK,true,Jane,Doe,3840c98d-202d-4f6a-8871-f3bc66cb3fa8,,2025-07-07T18:43:32.096Z,theresacochran103,NOT_INITIATED
c12c1976-416c-4f81-915a-36806f0a0d79,b9817c16-9910-4415-b67e-4ac687da74d9,,2025-07-07T18:43:32.120Z,vjohnson104@mailinator.com,true,PING_ONE,,ACCOUNT_OK,true,Jane,Doe,3840c98d-202d-4f6a-8871-f3bc66cb3fa8,,2025-07-07T18:43:32.120Z,vjohnson104,NOT_INITIATED
7bb6ba54-41c0-4d07-99fd-e8dcc0e68b57,b9817c16-9910-4415-b67e-4ac687da74d9,,2025-07-07T18:43:32.349Z,kimberly63105@mailinator.com,true,PING_ONE,,ACCOUNT_OK,true,Jane,Doe,3840c98d-202d-4f6a-8871-f3bc66cb3fa8,,2025-07-07T18:43:32.349Z,kimberly63105,NOT_INITIATED
e0278ecc-f004-4410-9e5c-9a255262013c,b9817c16-9910-4415-b67e-4ac687da74d9,,2025-07-07T18:43:32.353Z,erik16106@mailinator.com,true,PING_ONE,,ACCOUNT_OK,true,Jane,Doe,3840c98d-202d-4f6a-8871-f3bc66cb3fa8,,2025-07-07T18:43:32.353Z,erik16106,NOT_INITIATED
a27bccdd-8b2c-4ac9-b724-607e6288b704,b9817c16-9910-4415-b67e-4ac687da74d9,,2025-07-07T18:43:32.372Z,ybailey108@mailinator.com,true,PING_ONE,,ACCOUNT_OK,true,Jane,Doe,3840c98d-202d-4f6a-8871-f3bc66cb3fa8,,2025-07-07T18:43:32.372Z,ybailey108,NOT_INITIATED
ca290c07-5df0-4807-b085-79ac0285c4d0,b9817c16-9910-4415-b67e-4ac687da74d9,,2025-07-07T18:43:32.377Z,jeffreykeller109@mailinator.com,true,PING_ONE,,ACCOUNT_OK,true,Jane,Doe,3840c98d-202d-4f6a-8871-f3bc66cb3fa8,,2025-07-07T18:43:32.377Z,jeffreykeller109,NOT_INITIATED
7cc62e1f-d584-4667-9f4a-4f883e311a6c,b9817c16-9910-4415-b67e-4ac687da74d9,,2025-07-07T18:43:32.422Z,garrisonjeffrey107@mailinator.com,true,PING_ONE,,ACCOUNT_OK,true,Jane,Doe,3840c98d-202d-4f6a-8871-f3bc66cb3fa8,,2025-07-07T18:43:32.422Z,garrisonjeffrey107,NOT_INITIATED
b961459e-acc3-43cd-8c33-41d917deba0a,b9817c16-9910-4415-b67e-4ac687da74d9,,2025-07-07T18:43:32.641Z,emurphy110@mailinator.com,true,PING_ONE,,ACCOUNT_OK,true,Jane,Doe,3840c98d-202d-4f6a-8871-f3bc66cb3fa8,,2025-07-07T18:43:32.641Z,emurphy110,NOT_INITIATED
422d8287-0c2b-44f0-95f8-b50385a20c0e,b9817c16-9910-4415-b67e-4ac687da74d9,,2025-07-07T18:43:32.642Z,michael86111@mailinator.com,true,PING_ONE,,ACCOUNT_OK,true,Jane,Doe,3840c98d-202d-4f6a-8871-f3bc66cb3fa8,,2025-07-07T18:43:32.642Z,michael86111,NOT_INITIATED
88c4abce-d5b2-497f-8894-e21e5f39cd7b,b9817c16-9910-4415-b67e-4ac687da74d9,,2025-07-07T18:43:32.666Z,beverlyterrell113@mailinator.com,true,PING_ONE,,ACCOUNT_OK,true,Jane,Doe,3840c98d-202d-4f6a-8871-f3bc66cb3fa8,,2025-07-07T18:43:32.666Z,beverlyterrell113,NOT_INITIATED
f590c4ec-37d8-4075-9d6d-288c029eabdc,b9817c16-9910-4415-b67e-4ac687da74d9,,2025-07-07T18:43:32.687Z,rodriguezryan114@mailinator.com,true,PING_ONE,,ACCOUNT_OK,true,Jane,Doe,3840c98d-202d-4f6a-8871-f3bc66cb3fa8,,2025-07-07T18:43:32.687Z,rodriguezryan114,NOT_INITIATED
a1aa9454-6260-4867-9104-6899d1b23bad,b9817c16-9910-4415-b67e-4ac687da74d9,,2025-07-07T18:43:32.704Z,sheila14112@mailinator.com,true,PING_ONE,,ACCOUNT_OK,true,Jane,Doe,3840c98d-202d-4f6a-8871-f3bc66cb3fa8,,2025-07-07T18:43:32.704Z,sheila14112,NOT_INITIATED
e94e465a-6d5c-4edb-ae69-454a8ab86fa8,b9817c16-9910-4415-b67e-4ac687da74d9,,2025-07-07T18:43:33.291Z,samuel81115@mailinator.com,true,PING_ONE,,ACCOUNT_OK,true,Jane,Doe,3840c98d-202d-4f6a-8871-f3bc66cb3fa8,,2025-07-07T18:43:33.291Z,samuel81115,NOT_INITIATED
69149982-3fef-4fc9-9f97-479a7002aa4c,b9817c16-9910-4415-b67e-4ac687da74d9,,2025-07-07T18:43:33.299Z,mlam116@mailinator.com,true,PING_ONE,,ACCOUNT_OK,true,Jane,Doe,3840c98d-202d-4f6a-8871-f3bc66cb3fa8,,2025-07-07T18:43:33.299Z,mlam116,NOT_INITIATED
f1549a2d-c645-47a7-be53-172745ce6d6f,b9817c16-9910-4415-b67e-4ac687da74d9,,2025-07-07T18:43:33.316Z,bradley60117@mailinator.com,true,PING_ONE,,ACCOUNT_OK,true,Jane,Doe,3840c98d-202d-4f6a-8871-f3bc66cb3fa8,,2025-07-07T18:43:33.316Z,bradley60117,NOT_INITIATED
de3d2c51-856b-46be-8114-89f84a9d456f,b9817c16-9910-4415-b67e-4ac687da74d9,,2025-07-07T18:43:33.320Z,michaeljones118@mailinator.com,true,PING_ONE,,ACCOUNT_OK,true,Jane,Doe,3840c98d-202d-4f6a-8871-f3bc66cb3fa8,,2025-07-07T18:43:33.320Z,michaeljones118,NOT_INITIATED
098e1d98-c511-4a5d-825b-cf0bf2cf9b05,b9817c16-9910-4415-b67e-4ac687da74d9,,2025-07-07T18:43:33.340Z,cindy14119@mailinator.com,true,PING_ONE,,ACCOUNT_OK,true,Jane,Doe,3840c98d-202d-4f6a-8871-f3bc66cb3fa8,,2025-07-07T18:43:33.340Z,cindy14119,NOT_INITIATED
9bf0cbf4-81d7-4719-be01-93e07a41256a,b9817c16-9910-4415-b67e-4ac687da74d9,,2025-07-07T18:43:33.629Z,lbyrd122@mailinator.com,true,PING_ONE,,ACCOUNT_OK,true,Jane,Doe,3840c98d-202d-4f6a-8871-f3bc66cb3fa8,,2025-07-07T18:43:33.629Z,lbyrd122,NOT_INITIATED
9ac3d671-3076-4379-92c0-12fbef0c0b2f,b9817c16-9910-4415-b67e-4ac687da74d9,,2025-07-07T18:43:33.632Z,angela36121@mailinator.com,true,PING_ONE,,ACCOUNT_OK,true,Jane,Doe,3840c98d-202d-4f6a-8871-f3bc66cb3fa8,,2025-07-07T18:43:33.632Z,angela36121,NOT_INITIATED
a93c4e62-83b2-4537-8476-4cad0869ae3e,b9817c16-9910-4415-b67e-4ac687da74d9,,2025-07-07T18:43:33.653Z,richard04123@mailinator.com,true,PING_ONE,,ACCOUNT_OK,true,Jane,Doe,3840c98d-202d-4f6a-8871-f3bc66cb3fa8,,2025-07-07T18:43:33.653Z,richard04123,NOT_INITIATED
26eb22df-498b-4061-8fdc-00ea3b4daefd,b9817c16-9910-4415-b67e-4ac687da74d9,,2025-07-07T18:43:33.655Z,jason99124@mailinator.com,true,PING_ONE,,ACCOUNT_OK,true,Jane,Doe,3840c98d-202d-4f6a-8871-f3bc66cb3fa8,,2025-07-07T18:43:33.655Z,jason99124,NOT_INITIATED
921068ab-f9bc-432d-8864-916be4c462a8,b9817c16-9910-4415-b67e-4ac687da74d9,,2025-07-07T18:43:33.656Z,elizabeth56120@mailinator.com,true,PING_ONE,,ACCOUNT_OK,true,Jane,Doe,3840c98d-202d-4f6a-8871-f3bc66cb3fa8,,2025-07-07T18:43:33.656Z,elizabeth56120,NOT_INITIATED
12003cc0-e49e-4e5c-a750-432f4b9417bb,b9817c16-9910-4415-b67e-4ac687da74d9,,2025-07-07T18:43:33.897Z,steven73125@mailinator.com,true,PING_ONE,,ACCOUNT_OK,true,Jane,Doe,3840c98d-202d-4f6a-8871-f3bc66cb3fa8,,2025-07-07T18:43:33.897Z,steven73125,NOT_INITIATED
05f65e8a-e99e-4544-b42e-c86478884004,b9817c16-9910-4415-b67e-4ac687da74d9,,2025-07-07T18:43:33.906Z,clarence34128@mailinator.com,true,PING_ONE,,ACCOUNT_OK,true,Jane,Doe,3840c98d-202d-4f6a-8871-f3bc66cb3fa8,,2025-07-07T18:43:33.906Z,clarence34128,NOT_INITIATED
7e46d27f-562f-40e2-b1a6-74204f617b1d,b9817c16-9910-4415-b67e-4ac687da74d9,,2025-07-07T18:43:33.934Z,lindsayhernandez129@mailinator.com,true,PING_ONE,,ACCOUNT_OK,true,Jane,Doe,3840c98d-202d-4f6a-8871-f3bc66cb3fa8,,2025-07-07T18:43:33.934Z,lindsayhernandez129,NOT_INITIATED
c5896dcc-5978-4338-ba4d-c8808a256a85,b9817c16-9910-4415-b67e-4ac687da74d9,,2025-07-07T18:43:33.980Z,yleon126@mailinator.com,true,PING_ONE,,ACCOUNT_OK,true,Jane,Doe,3840c98d-202d-4f6a-8871-f3bc66cb3fa8,,2025-07-07T18:43:33.980Z,yleon126,NOT_INITIATED
78ee297f-67cd-4d36-914b-c20e84cb7288,b9817c16-9910-4415-b67e-4ac687da74d9,,2025-07-07T18:43:33.994Z,donnacampbell127@mailinator.com,true,PING_ONE,,ACCOUNT_OK,true,Jane,Doe,3840c98d-202d-4f6a-8871-f3bc66cb3fa8,,2025-07-07T18:43:33.994Z,donnacampbell127,NOT_INITIATED
e8d1631f-c860-4443-831c-a612f236ee7d,b9817c16-9910-4415-b67e-4ac687da74d9,,2025-07-07T18:43:34.220Z,sanchezthomas130@mailinator.com,true,PING_ONE,,ACCOUNT_OK,true,Jane,Doe,3840c98d-202d-4f6a-8871-f3bc66cb3fa8,,2025-07-07T18:43:34.220Z,sanchezthomas130,NOT_INITIATED
34bac1ae-86d0-48dc-8920-9a47291b1e87,b9817c16-9910-4415-b67e-4ac687da74d9,,2025-07-07T18:43:34.224Z,gibsonolivia131@mailinator.com,true,PING_ONE,,ACCOUNT_OK,true,Jane,Doe,3840c98d-202d-4f6a-8871-f3bc66cb3fa8,,2025-07-07T18:43:34.224Z,gibsonolivia131,NOT_INITIATED
b1fdb393-6880-4837-906e-abb4e9bc08b6,b9817c16-9910-4415-b67e-4ac687da74d9,,2025-07-07T18:43:34.235Z,jennifercruz132@mailinator.com,true,PING_ONE,,ACCOUNT_OK,true,Jane,Doe,3840c98d-202d-4f6a-8871-f3bc66cb3fa8,,2025-07-07T18:43:34.235Z,jennifercruz132,NOT_INITIATED
34067c5b-5402-42f3-86da-79061e73e167,b9817c16-9910-4415-b67e-4ac687da74d9,,2025-07-07T18:43:34.247Z,psanchez133@mailinator.com,true,PING_ONE,,ACCOUNT_OK,true,Jane,Doe,3840c98d-202d-4f6a-8871-f3bc66cb3fa8,,2025-07-07T18:43:34.247Z,psanchez133,NOT_INITIATED
120ec13f-8aed-4bd1-ab84-9809a35d1d1d,b9817c16-9910-4415-b67e-4ac687da74d9,,2025-07-07T18:43:34.260Z,staffordmichelle134@mailinator.com,true,PING_ONE,,ACCOUNT_OK,true,Jane,Doe,3840c98d-202d-4f6a-8871-f3bc66cb3fa8,,2025-07-07T18:43:34.260Z,staffordmichelle134,NOT_INITIATED
0f3b800e-9aaa-40a5-83b4-ba61f018b1f0,b9817c16-9910-4415-b67e-4ac687da74d9,,2025-07-07T18:43:34.482Z,osbornejeffery135@mailinator.com,true,PING_ONE,,ACCOUNT_OK,true,Jane,Doe,3840c98d-202d-4f6a-8871-f3bc66cb3fa8,,2025-07-07T18:43:34.482Z,osbornejeffery135,NOT_INITIATED
1bd1bead-7cce-49a4-8c86-b7d3c9122e70,b9817c16-9910-4415-b67e-4ac687da74d9,,2025-07-07T18:43:34.499Z,pwilliams136@mailinator.com,true,PING_ONE,,ACCOUNT_OK,true,Jane,Doe,3840c98d-202d-4f6a-8871-f3bc66cb3fa8,,2025-07-07T18:43:34.499Z,pwilliams136,NOT_INITIATED
af3a863b-e279-4e24-82ff-31c7c3e52f2e,b9817c16-9910-4415-b67e-4ac687da74d9,,2025-07-07T18:43:34.520Z,jrivas139@mailinator.com,true,PING_ONE,,ACCOUNT_OK,true,Jane,Doe,3840c98d-202d-4f6a-8871-f3bc66cb3fa8,,2025-07-07T18:43:34.520Z,jrivas139,NOT_INITIATED
ba33d1d2-ab40-4a66-bf3c-f6bb2af9ee00,b9817c16-9910-4415-b67e-4ac687da74d9,,2025-07-07T18:43:34.549Z,bryantlaurie137@mailinator.com,true,PING_ONE,,ACCOUNT_OK,true,Jane,Doe,3840c98d-202d-4f6a-8871-f3bc66cb3fa8,,2025-07-07T18:43:34.549Z,bryantlaurie137,NOT_INITIATED
595a9de2-268c-4eaf-a0d2-0c86ac4139e4,b9817c16-9910-4415-b67e-4ac687da74d9,,2025-07-07T18:43:34.554Z,stephanie79138@mailinator.com,true,PING_ONE,,ACCOUNT_OK,true,Jane,Doe,3840c98d-202d-4f6a-8871-f3bc66cb3fa8,,2025-07-07T18:43:34.554Z,stephanie79138,NOT_INITIATED
40e520a5-d1f7-4202-b2e9-82009d798fcf,b9817c16-9910-4415-b67e-4ac687da74d9,,2025-07-07T18:43:35.057Z,vmerritt140@mailinator.com,true,PING_ONE,,ACCOUNT_OK,true,Jane,Doe,3840c98d-202d-4f6a-8871-f3bc66cb3fa8,,2025-07-07T18:43:35.057Z,vmerritt140,NOT_INITIATED
d3d7301c-e1de-4baa-ba73-aab09ddd0bf1,b9817c16-9910-4415-b67e-4ac687da74d9,,2025-07-07T18:43:35.067Z,wcole141@mailinator.com,true,PING_ONE,,ACCOUNT_OK,true,Jane,Doe,3840c98d-202d-4f6a-8871-f3bc66cb3fa8,,2025-07-07T18:43:35.067Z,wcole141,NOT_INITIATED
1abe07fb-a6aa-41ea-85f4-09797dfd2cc0,b9817c16-9910-4415-b67e-4ac687da74d9,,2025-07-07T18:43:35.075Z,maryramirez142@mailinator.com,true,PING_ONE,,ACCOUNT_OK,true,Jane,Doe,3840c98d-202d-4f6a-8871-f3bc66cb3fa8,,2025-07-07T18:43:35.075Z,maryramirez142,NOT_INITIATED
4d65bd05-1cf7-4312-b95d-aacae13bcbcf,b9817c16-9910-4415-b67e-4ac687da74d9,,2025-07-07T18:43:35.181Z,rsims143@mailinator.com,true,PING_ONE,,ACCOUNT_OK,true,Jane,Doe,3840c98d-202d-4f6a-8871-f3bc66cb3fa8,,2025-07-07T18:43:35.181Z,rsims143,NOT_INITIATED
c320750f-4012-4618-bc87-7ec57348663d,b9817c16-9910-4415-b67e-4ac687da74d9,,2025-07-07T18:43:35.369Z,sjones144@mailinator.com,true,PING_ONE,,ACCOUNT_OK,true,Jane,Doe,3840c98d-202d-4f6a-8871-f3bc66cb3fa8,,2025-07-07T18:43:35.369Z,sjones144,NOT_INITIATED
8d52f6f6-925a-4e47-8e0d-148c565bb4f6,b9817c16-9910-4415-b67e-4ac687da74d9,,2025-07-07T18:43:35.607Z,taylorjesse146@mailinator.com,true,PING_ONE,,ACCOUNT_OK,true,Jane,Doe,3840c98d-202d-4f6a-8871-f3bc66cb3fa8,,2025-07-07T18:43:35.607Z,taylorjesse146,NOT_INITIATED
612b3eff-bdb1-4030-bec5-dc15a37cc8a4,b9817c16-9910-4415-b67e-4ac687da74d9,,2025-07-07T18:43:35.608Z,josephflores145@mailinator.com,true,PING_ONE,,ACCOUNT_OK,true,Jane,Doe,3840c98d-202d-4f6a-8871-f3bc66cb3fa8,,2025-07-07T18:43:35.608Z,josephflores145,NOT_INITIATED
713c7ec8-e100-4db4-9862-f06e25d29156,b9817c16-9910-4415-b67e-4ac687da74d9,,2025-07-07T18:43:35.609Z,drivera148@mailinator.com,true,PING_ONE,,ACCOUNT_OK,true,Jane,Doe,3840c98d-202d-4f6a-8871-f3bc66cb3fa8,,2025-07-07T18:43:35.609Z,drivera148,NOT_INITIATED
f8e7119f-c826-408e-ad33-8f6cb4753b48,b9817c16-9910-4415-b67e-4ac687da74d9,,2025-07-07T18:43:35.613Z,jasminebrown147@mailinator.com,true,PING_ONE,,ACCOUNT_OK,true,Jane,Doe,3840c98d-202d-4f6a-8871-f3bc66cb3fa8,,2025-07-07T18:43:35.613Z,jasminebrown147,NOT_INITIATED
c00926ff-833d-4ecd-bb00-1e70673a727c,b9817c16-9910-4415-b67e-4ac687da74d9,,2025-07-07T18:43:35.625Z,abrown149@mailinator.com,true,PING_ONE,,ACCOUNT_OK,true,Jane,Doe,3840c98d-202d-4f6a-8871-f3bc66cb3fa8,,2025-07-07T18:43:35.625Z,abrown149,NOT_INITIATED
01dede61-13bf-499d-85cf-28866b760e61,b9817c16-9910-4415-b67e-4ac687da74d9,,2025-07-07T18:43:35.878Z,lstein150@mailinator.com,true,PING_ONE,,ACCOUNT_OK,true,Jane,Doe,3840c98d-202d-4f6a-8871-f3bc66cb3fa8,,2025-07-07T18:43:35.878Z,lstein150,NOT_INITIATED
1209ccad-0db2-474f-9012-c3cc28ac3f1c,b9817c16-9910-4415-b67e-4ac687da74d9,,2025-07-07T18:43:35.892Z,wwoods152@mailinator.com,true,PING_ONE,,ACCOUNT_OK,true,Jane,Doe,3840c98d-202d-4f6a-8871-f3bc66cb3fa8,,2025-07-07T18:43:35.892Z,wwoods152,NOT_INITIATED
2b2942b3-4da2-4b4b-99fc-c91a42652509,b9817c16-9910-4415-b67e-4ac687da74d9,,2025-07-07T18:43:35.925Z,gateskathy151@mailinator.com,true,PING_ONE,,ACCOUNT_OK,true,Jane,Doe,3840c98d-202d-4f6a-8871-f3bc66cb3fa8,,2025-07-07T18:43:35.925Z,gateskathy151,NOT_INITIATED
0e2ab3f5-8711-4d2f-a9be-81bbfcbf9951,b9817c16-9910-4415-b67e-4ac687da74d9,,2025-07-07T18:43:35.926Z,tracynelson154@mailinator.com,true,PING_ONE,,ACCOUNT_OK,true,Jane,Doe,3840c98d-202d-4f6a-8871-f3bc66cb3fa8,,2025-07-07T18:43:35.926Z,tracynelson154,NOT_INITIATED
2a9ce075-c570-4484-a4c7-d53317748412,b9817c16-9910-4415-b67e-4ac687da74d9,,2025-07-07T18:43:35.948Z,karen68153@mailinator.com,true,PING_ONE,,ACCOUNT_OK,true,Jane,Doe,3840c98d-202d-4f6a-8871-f3bc66cb3fa8,,2025-07-07T18:43:35.948Z,karen68153,NOT_INITIATED
4a789a0f-6fcc-4456-bdd8-3acaed64d2b3,b9817c16-9910-4415-b67e-4ac687da74d9,,2025-07-07T18:43:36.198Z,vjohnson155@mailinator.com,true,PING_ONE,,ACCOUNT_OK,true,Jane,Doe,3840c98d-202d-4f6a-8871-f3bc66cb3fa8,,2025-07-07T18:43:36.198Z,vjohnson155,NOT_INITIATED
8d13904b-95d8-4e61-a99c-66eb2ff5aa95,b9817c16-9910-4415-b67e-4ac687da74d9,,2025-07-07T18:43:36.203Z,dramsey156@mailinator.com,true,PING_ONE,,ACCOUNT_OK,true,Jane,Doe,3840c98d-202d-4f6a-8871-f3bc66cb3fa8,,2025-07-07T18:43:36.203Z,dramsey156,NOT_INITIATED
9b59a1d0-cd0d-4325-a5f4-b2ce7e0e84f0,b9817c16-9910-4415-b67e-4ac687da74d9,,2025-07-07T18:43:36.221Z,tinaferguson157@mailinator.com,true,PING_ONE,,ACCOUNT_OK,true,Jane,Doe,3840c98d-202d-4f6a-8871-f3bc66cb3fa8,,2025-07-07T18:43:36.221Z,tinaferguson157,NOT_INITIATED
6ac90ba8-eacd-43c6-9184-6adf2d4631cd,b9817c16-9910-4415-b67e-4ac687da74d9,,2025-07-07T18:43:36.231Z,qvargas158@mailinator.com,true,PING_ONE,,ACCOUNT_OK,true,Jane,Doe,3840c98d-202d-4f6a-8871-f3bc66cb3fa8,,2025-07-07T18:43:36.231Z,qvargas158,NOT_INITIATED
9389701a-fc86-4f82-b161-6375a0e44b64,b9817c16-9910-4415-b67e-4ac687da74d9,,2025-07-07T18:43:36.479Z,millerroy159@mailinator.com,true,PING_ONE,,ACCOUNT_OK,true,Jane,Doe,3840c98d-202d-4f6a-8871-f3bc66cb3fa8,,2025-07-07T18:43:36.479Z,millerroy159,NOT_INITIATED
f69c423e-7b7c-4cb9-887b-88ba18319fd2,b9817c16-9910-4415-b67e-4ac687da74d9,,2025-07-07T18:43:37.129Z,dmurphy161@mailinator.com,true,PING_ONE,,ACCOUNT_OK,true,Jane,Doe,3840c98d-202d-4f6a-8871-f3bc66cb3fa8,,2025-07-07T18:43:37.129Z,dmurphy161,NOT_INITIATED
62414768-9b95-4723-a7d2-eaed56d1df4b,b9817c16-9910-4415-b67e-4ac687da74d9,,2025-07-07T18:43:37.139Z,qwhite160@mailinator.com,true,PING_ONE,,ACCOUNT_OK,true,Jane,Doe,3840c98d-202d-4f6a-8871-f3bc66cb3fa8,,2025-07-07T18:43:37.139Z,qwhite160,NOT_INITIATED
ca5c678f-75ce-4e6b-b96d-d1bf203edce2,b9817c16-9910-4415-b67e-4ac687da74d9,,2025-07-07T18:43:37.142Z,matthew64162@mailinator.com,true,PING_ONE,,ACCOUNT_OK,true,Jane,Doe,3840c98d-202d-4f6a-8871-f3bc66cb3fa8,,2025-07-07T18:43:37.142Z,matthew64162,NOT_INITIATED
19a2d68a-1684-466b-87dc-5d77902eda47,b9817c16-9910-4415-b67e-4ac687da74d9,,2025-07-07T18:43:37.153Z,fking163@mailinator.com,true,PING_ONE,,ACCOUNT_OK,true,Jane,Doe,3840c98d-202d-4f6a-8871-f3bc66cb3fa8,,2025-07-07T18:43:37.153Z,fking163,NOT_INITIATED
a33c4a29-cfb3-44bc-b42d-69fddab14849,b9817c16-9910-4415-b67e-4ac687da74d9,,2025-07-07T18:43:37.163Z,ismith164@mailinator.com,true,PING_ONE,,ACCOUNT_OK,true,Jane,Doe,3840c98d-202d-4f6a-8871-f3bc66cb3fa8,,2025-07-07T18:43:37.163Z,ismith164,NOT_INITIATED
10d74f29-710b-43c5-be9d-4ea11a3734ea,b9817c16-9910-4415-b67e-4ac687da74d9,,2025-07-07T18:43:37.401Z,harringtondenise166@mailinator.com,true,PING_ONE,,ACCOUNT_OK,true,Jane,Doe,3840c98d-202d-4f6a-8871-f3bc66cb3fa8,,2025-07-07T18:43:37.401Z,harringtondenise166,NOT_INITIATED
7602920c-737f-4b73-869d-b5349631919d,b9817c16-9910-4415-b67e-4ac687da74d9,,2025-07-07T18:43:37.402Z,cookemichael165@mailinator.com,true,PING_ONE,,ACCOUNT_OK,true,Jane,Doe,3840c98d-202d-4f6a-8871-f3bc66cb3fa8,,2025-07-07T18:43:37.402Z,cookemichael165,NOT_INITIATED
2427b37c-b81e-4c24-a7f0-69927b46bccb,b9817c16-9910-4415-b67e-4ac687da74d9,,2025-07-07T18:43:37.413Z,herringjames167@mailinator.com,true,PING_ONE,,ACCOUNT_OK,true,Jane,Doe,3840c98d-202d-4f6a-8871-f3bc66cb3fa8,,2025-07-07T18:43:37.413Z,herringjames167,NOT_INITIATED
7f31e802-33a3-4f33-8248-fe9cffaa1df2,b9817c16-9910-4415-b67e-4ac687da74d9,,2025-07-07T18:43:37.421Z,howelljohn168@mailinator.com,true,PING_ONE,,ACCOUNT_OK,true,Jane,Doe,3840c98d-202d-4f6a-8871-f3bc66cb3fa8,,2025-07-07T18:43:37.421Z,howelljohn168,NOT_INITIATED
343fb658-593c-4f04-9a4e-4016437b49e2,b9817c16-9910-4415-b67e-4ac687da74d9,,2025-07-07T18:43:37.434Z,kcaldwell169@mailinator.com,true,PING_ONE,,ACCOUNT_OK,true,Jane,Doe,3840c98d-202d-4f6a-8871-f3bc66cb3fa8,,2025-07-07T18:43:37.434Z,kcaldwell169,NOT_INITIATED
3a8319e4-c1bb-405c-bdaf-f8e1d311b24d,b9817c16-9910-4415-b67e-4ac687da74d9,,2025-07-07T18:43:37.806Z,stevenscott170@mailinator.com,true,PING_ONE,,ACCOUNT_OK,true,Jane,Doe,3840c98d-202d-4f6a-8871-f3bc66cb3fa8,,2025-07-07T18:43:37.806Z,stevenscott170,NOT_INITIATED
bf04f49b-05ad-43d2-bfef-32eaf2cac591,b9817c16-9910-4415-b67e-4ac687da74d9,,2025-07-07T18:43:37.809Z,tsanders174@mailinator.com,true,PING_ONE,,ACCOUNT_OK,true,Jane,Doe,3840c98d-202d-4f6a-8871-f3bc66cb3fa8,,2025-07-07T18:43:37.809Z,tsanders174,NOT_INITIATED
447af3c4-1739-4393-b976-bd28d76a3f5b,b9817c16-9910-4415-b67e-4ac687da74d9,,2025-07-07T18:43:37.812Z,tamirodriguez172@mailinator.com,true,PING_ONE,,ACCOUNT_OK,true,Jane,Doe,3840c98d-202d-4f6a-8871-f3bc66cb3fa8,,2025-07-07T18:43:37.812Z,tamirodriguez172,NOT_INITIATED
81fd6c24-971f-454f-aaa9-df4683c76392,b9817c16-9910-4415-b67e-4ac687da74d9,,2025-07-07T18:43:37.816Z,hickmanbarbara173@mailinator.com,true,PING_ONE,,ACCOUNT_OK,true,Jane,Doe,3840c98d-202d-4f6a-8871-f3bc66cb3fa8,,2025-07-07T18:43:37.816Z,hickmanbarbara173,NOT_INITIATED
210d4286-805b-4288-9091-47c9249967c1,b9817c16-9910-4415-b67e-4ac687da74d9,,2025-07-07T18:43:37.822Z,gary91171@mailinator.com,true,PING_ONE,,ACCOUNT_OK,true,Jane,Doe,3840c98d-202d-4f6a-8871-f3bc66cb3fa8,,2025-07-07T18:43:37.822Z,gary91171,NOT_INITIATED
29fbbdf2-f906-4ab5-bb85-6e5f3d34c81b,b9817c16-9910-4415-b67e-4ac687da74d9,,2025-07-07T18:43:38.141Z,charlesvaughn175@mailinator.com,true,PING_ONE,,ACCOUNT_OK,true,Jane,Doe,3840c98d-202d-4f6a-8871-f3bc66cb3fa8,,2025-07-07T18:43:38.141Z,charlesvaughn175,NOT_INITIATED
b93729de-d569-4091-a463-af177975a575,b9817c16-9910-4415-b67e-4ac687da74d9,,2025-07-07T18:43:38.156Z,curtisbarton176@mailinator.com,true,PING_ONE,,ACCOUNT_OK,true,Jane,Doe,3840c98d-202d-4f6a-8871-f3bc66cb3fa8,,2025-07-07T18:43:38.156Z,curtisbarton176,NOT_INITIATED
38fb2fb0-23be-473f-9387-ffd8a168d6f4,b9817c16-9910-4415-b67e-4ac687da74d9,,2025-07-07T18:43:38.158Z,hoganashlee177@mailinator.com,true,PING_ONE,,ACCOUNT_OK,true,Jane,Doe,3840c98d-202d-4f6a-8871-f3bc66cb3fa8,,2025-07-07T18:43:38.158Z,hoganashlee177,NOT_INITIATED
869e87ce-d5ab-450b-9cd1-97883fd4f7e7,b9817c16-9910-4415-b67e-4ac687da74d9,,2025-07-07T18:43:38.172Z,casey50179@mailinator.com,true,PING_ONE,,ACCOUNT_OK,true,Jane,Doe,3840c98d-202d-4f6a-8871-f3bc66cb3fa8,,2025-07-07T18:43:38.172Z,casey50179,NOT_INITIATED
e42d5f5d-6092-422b-98fb-07f2eb4c8254,b9817c16-9910-4415-b67e-4ac687da74d9,,2025-07-07T18:43:38.178Z,reedross178@mailinator.com,true,PING_ONE,,ACCOUNT_OK,true,Jane,Doe,3840c98d-202d-4f6a-8871-f3bc66cb3fa8,,2025-07-07T18:43:38.178Z,reedross178,NOT_INITIATED
95a632e3-18d4-4b12-b42f-64931cfe53cf,b9817c16-9910-4415-b67e-4ac687da74d9,,2025-07-07T18:43:38.656Z,gshort180@mailinator.com,true,PING_ONE,,ACCOUNT_OK,true,Jane,Doe,3840c98d-202d-4f6a-8871-f3bc66cb3fa8,,2025-07-07T18:43:38.656Z,gshort180,NOT_INITIATED
bd6775a0-f89a-4704-80bd-d0eb67c75ced,b9817c16-9910-4415-b67e-4ac687da74d9,,2025-07-07T18:43:38.659Z,jessicasheppard183@mailinator.com,true,PING_ONE,,ACCOUNT_OK,true,Jane,Doe,3840c98d-202d-4f6a-8871-f3bc66cb3fa8,,2025-07-07T18:43:38.659Z,jessicasheppard183,NOT_INITIATED
f4e5db6f-1bbc-498e-821f-e1b947070019,b9817c16-9910-4415-b67e-4ac687da74d9,,2025-07-07T18:43:38.660Z,christina87184@mailinator.com,true,PING_ONE,,ACCOUNT_OK,true,Jane,Doe,3840c98d-202d-4f6a-8871-f3bc66cb3fa8,,2025-07-07T18:43:38.660Z,christina87184,NOT_INITIATED
1eab052f-89fd-412d-947e-a597055c849e,b9817c16-9910-4415-b67e-4ac687da74d9,,2025-07-07T18:43:38.664Z,oyu181@mailinator.com,true,PING_ONE,,ACCOUNT_OK,true,Jane,Doe,3840c98d-202d-4f6a-8871-f3bc66cb3fa8,,2025-07-07T18:43:38.664Z,oyu181,NOT_INITIATED
3556fe85-f125-4fb7-8350-9dbcea08c5d2,b9817c16-9910-4415-b67e-4ac687da74d9,,2025-07-07T18:43:38.689Z,bzimmerman182@mailinator.com,true,PING_ONE,,ACCOUNT_OK,true,Jane,Doe,3840c98d-202d-4f6a-8871-f3bc66cb3fa8,,2025-07-07T18:43:38.689Z,bzimmerman182,NOT_INITIATED
c05bfe98-f436-4fd7-8701-3378ac33efb5,b9817c16-9910-4415-b67e-4ac687da74d9,,2025-07-07T18:43:38.906Z,ugraham185@mailinator.com,true,PING_ONE,,ACCOUNT_OK,true,Jane,Doe,3840c98d-202d-4f6a-8871-f3bc66cb3fa8,,2025-07-07T18:43:38.906Z,ugraham185,NOT_INITIATED
a810441d-c611-4681-a4be-c9fc9b054b33,b9817c16-9910-4415-b67e-4ac687da74d9,,2025-07-07T18:43:38.928Z,nicole37187@mailinator.com,true,PING_ONE,,ACCOUNT_OK,true,Jane,Doe,3840c98d-202d-4f6a-8871-f3bc66cb3fa8,,2025-07-07T18:43:38.928Z,nicole37187,NOT_INITIATED
029167e1-c8a3-440a-875d-b8157051d339,b9817c16-9910-4415-b67e-4ac687da74d9,,2025-07-07T18:43:38.933Z,frogers188@mailinator.com,true,PING_ONE,,ACCOUNT_OK,true,Jane,Doe,3840c98d-202d-4f6a-8871-f3bc66cb3fa8,,2025-07-07T18:43:38.933Z,frogers188,NOT_INITIATED
e31396eb-9ff0-4eed-8734-147d50ff7cc2,b9817c16-9910-4415-b67e-4ac687da74d9,,2025-07-07T18:43:38.958Z,hunter35189@mailinator.com,true,PING_ONE,,ACCOUNT_OK,true,Jane,Doe,3840c98d-202d-4f6a-8871-f3bc66cb3fa8,,2025-07-07T18:43:38.958Z,hunter35189,NOT_INITIATED
1cdb8286-d634-48d6-900d-9c7cc51025bb,b9817c16-9910-4415-b67e-4ac687da74d9,,2025-07-07T18:43:38.962Z,marcus31186@mailinator.com,true,PING_ONE,,ACCOUNT_OK,true,Jane,Doe,3840c98d-202d-4f6a-8871-f3bc66cb3fa8,,2025-07-07T18:43:38.962Z,marcus31186,NOT_INITIATED
98905047-4129-44fa-95ab-977b00a1a5da,b9817c16-9910-4415-b67e-4ac687da74d9,,2025-07-07T18:43:39.215Z,blackjames191@mailinator.com,true,PING_ONE,,ACCOUNT_OK,true,Jane,Doe,3840c98d-202d-4f6a-8871-f3bc66cb3fa8,,2025-07-07T18:43:39.215Z,blackjames191,NOT_INITIATED
3de86b98-041e-46ae-afef-c39d6b59d90a,b9817c16-9910-4415-b67e-4ac687da74d9,,2025-07-07T18:43:39.236Z,hannahbrewer193@mailinator.com,true,PING_ONE,,ACCOUNT_OK,true,Jane,Doe,3840c98d-202d-4f6a-8871-f3bc66cb3fa8,,2025-07-07T18:43:39.236Z,hannahbrewer193,NOT_INITIATED
77740eeb-b6cc-4bef-b46e-54619a696ea2,b9817c16-9910-4415-b67e-4ac687da74d9,,2025-07-07T18:43:39.238Z,bwest194@mailinator.com,true,PING_ONE,,ACCOUNT_OK,true,Jane,Doe,3840c98d-202d-4f6a-8871-f3bc66cb3fa8,,2025-07-07T18:43:39.238Z,bwest194,NOT_INITIATED
a2d31137-729f-4925-a98d-06ba5dd3d1e2,b9817c16-9910-4415-b67e-4ac687da74d9,,2025-07-07T18:43:39.240Z,jenniferfreeman192@mailinator.com,true,PING_ONE,,ACCOUNT_OK,true,Jane,Doe,3840c98d-202d-4f6a-8871-f3bc66cb3fa8,,2025-07-07T18:43:39.240Z,jenniferfreeman192,NOT_INITIATED
56a619ca-b032-40c7-a64c-586e56d3dbd3,b9817c16-9910-4415-b67e-4ac687da74d9,,2025-07-07T18:43:42.240Z,matthew94190@mailinator.com,true,PING_ONE,,ACCOUNT_OK,true,Jane,Doe,3840c98d-202d-4f6a-8871-f3bc66cb3fa8,,2025-07-07T18:43:42.240Z,matthew94190,NOT_INITIATED
aa2bbfd5-32cf-4411-9cbc-84b6126906c1,b9817c16-9910-4415-b67e-4ac687da74d9,,2025-07-07T18:43:42.480Z,kevinperkins196@mailinator.com,true,PING_ONE,,ACCOUNT_OK,true,Jane,Doe,3840c98d-202d-4f6a-8871-f3bc66cb3fa8,,2025-07-07T18:43:42.480Z,kevinperkins196,NOT_INITIATED